{
  "_format": "hh-sol-cache-2",
  "files": {
    "/home/lns/Desktop/BLOCKCHAIN_TASK_LATEST/aryan-internship-master/backend/contracts/Fusion.sol": {
      "lastModificationDate": 1659797744297,
      "contentHash": "4766c80486c5f5f8f14339210ce26750",
      "sourceName": "contracts/Fusion.sol",
      "solcConfig": {
        "version": "0.8.9",
        "settings": {
          "optimizer": {
            "enabled": false,
            "runs": 200
          },
          "outputSelection": {
            "*": {
              "*": [
                "abi",
                "evm.bytecode",
                "evm.deployedBytecode",
                "evm.methodIdentifiers",
                "metadata"
              ],
              "": [
                "ast"
              ]
            }
          }
        }
      },
      "imports": [
        "hardhat/console.sol"
      ],
      "versionPragmas": [
        "^0.8.9"
      ],
      "artifacts": [
        "Fusion"
      ]
    },
    "/home/lns/Desktop/BLOCKCHAIN_TASK_LATEST/aryan-internship-master/backend/node_modules/hardhat/console.sol": {
      "lastModificationDate": 1659797836847,
      "contentHash": "cc4777addd464ea56fa35b1c45df0591",
      "sourceName": "hardhat/console.sol",
      "solcConfig": {
        "version": "0.8.9",
        "settings": {
          "optimizer": {
            "enabled": false,
            "runs": 200
          },
          "outputSelection": {
            "*": {
              "*": [
                "abi",
                "evm.bytecode",
                "evm.deployedBytecode",
                "evm.methodIdentifiers",
                "metadata"
              ],
              "": [
                "ast"
              ]
            }
          }
        }
      },
      "imports": [],
      "versionPragmas": [
        ">=0.4.22 <0.9.0"
      ],
      "artifacts": [
        "console"
      ]
    }
  }
}
